Accuracy,Balanced accuracy,Macro-F1,Weighted-F1,Clips scored,Face-detection rate
0.44680851063829785,0.2827998088867654,0.24025974025974026,0.3586867033675545,141,0.9337748344370861
