Emotion,Precision,Recall,F1-Score,Support
Surprise,0.4230769230769231,0.4230769230769231,0.4230769230769231,26
Fear,0.0,0.0,0.0,10
Disgust,0.0,0.0,0.0,13
Happy,0.3333333333333333,0.5,0.4,12
Sad,0.0,0.0,0.0,14
Anger,1.0,0.1,0.18181818181818182,20
Neutral,0.5238095238095238,0.9565217391304348,0.676923076923077,46
