scenario_id,true,clips,accuracy
S06_F08,Disgust,13,0.0
S19_F02,Fear,10,0.0
S21_F04,Sad,6,0.0
S24_F07,Anger,8,0.0
S28_F10,Sad,8,0.0
S05_F02,Anger,12,0.16666666666666666
S09_F02,Surprise,12,0.4166666666666667
S26_F02,Surprise,14,0.42857142857142855
S18_F01,Happy,4,0.5
S25_F09,Happy,8,0.5
S20_F03,Neutral,18,0.8888888888888888
S08_F06,Neutral,14,1.0
S29_F03,Neutral,14,1.0
