Accuracy,Balanced accuracy,Macro-F1,Weighted-F1,Macro precision,Macro recall,Total,Correct
0.8191003911342895,0.7599929192200345,0.7431844430231738,0.8227649383067042,0.7321444077125283,0.7599929192200345,3068,2513
