{
  "lr": 0.0015386148965383722,
  "weight_decay": 2.1473751140598477e-05,
  "dropout": 0.1866461306672824,
  "hidden_size": 192,
  "label_smoothing": 0.10839298732135491,
  "batch_size": 256
}