Accuracy,Balanced accuracy,Macro-F1,Weighted-F1,Clips scored,Face-detection rate
0.44680851063829785,0.35288148704297767,0.3510563140837169,0.4260161277894435,141,0.9337748344370861
