scenario_id,true,clips,accuracy
S24_F07,Anger,8,0.0
S26_F02,Surprise,14,0.07142857142857142
S06_F08,Disgust,13,0.07692307692307693
S28_F10,Sad,8,0.125
S21_F04,Sad,6,0.16666666666666666
S18_F01,Happy,4,0.25
S05_F02,Anger,12,0.3333333333333333
S25_F09,Happy,8,0.375
S09_F02,Surprise,12,0.5
S19_F02,Fear,10,0.6
S20_F03,Neutral,18,0.8333333333333334
S08_F06,Neutral,14,0.8571428571428571
S29_F03,Neutral,14,0.8571428571428571
