Emotion,Precision,Recall,F1-Score,Support
Surprise,0.6363636363636364,0.2692307692307692,0.3783783783783784,26
Fear,0.2857142857142857,0.6,0.3870967741935484,10
Disgust,1.0,0.07692307692307693,0.14285714285714285,13
Happy,0.6666666666666666,0.3333333333333333,0.4444444444444444,12
Sad,0.06896551724137931,0.14285714285714285,0.09302325581395349,14
Anger,1.0,0.2,0.3333333333333333,20
Neutral,0.5652173913043478,0.8478260869565217,0.6782608695652174,46
