Accuracy,Balanced accuracy,Macro-F1,Weighted-F1,Clips scored,Face-detection rate
0.5673758865248227,0.47721429709007346,0.5098113192622594,0.5730711670678942,141,0.9337748344370861
