Emotion,Precision,Recall,F1-Score,Support
Surprise,0.7333333333333333,0.4230769230769231,0.5365853658536586,26
Fear,0.4,0.2,0.26666666666666666,10
Disgust,1.0,0.3076923076923077,0.47058823529411764,13
Happy,0.6363636363636364,0.5833333333333334,0.6086956521739131,12
Sad,0.1875,0.42857142857142855,0.2608695652173913,14
Anger,1.0,0.55,0.7096774193548387,20
Neutral,0.6190476190476191,0.8478260869565217,0.7155963302752294,46
