scenario_id,true,clips,accuracy
S24_F07,Anger,8,0.0
S26_F02,Surprise,14,0.07142857142857142
S19_F02,Fear,10,0.2
S28_F10,Sad,8,0.25
S06_F08,Disgust,13,0.3076923076923077
S18_F01,Happy,4,0.5
S20_F03,Neutral,18,0.6111111111111112
S25_F09,Happy,8,0.625
S21_F04,Sad,6,0.6666666666666666
S09_F02,Surprise,12,0.8333333333333334
S05_F02,Anger,12,0.9166666666666666
S08_F06,Neutral,14,1.0
S29_F03,Neutral,14,1.0
