Accuracy,Balanced accuracy,Macro-F1,Weighted-F1,Clips scored,Face-detection rate
0.8581847649918962,0.8270457776746741,0.8340040318970071,0.8576979112836918,1234,0.9716535433070866
