Accuracy,Balanced accuracy,Macro-F1,Weighted-F1,Clips scored,Face-detection rate
0.5429497568881686,0.4086363754971118,0.4223943626868297,0.5237160830399487,1234,0.9716535433070866
