Accuracy,Balanced accuracy,Macro-F1,Weighted-F1,Clips scored,Face-detection rate
0.5886524822695035,0.5079835278593042,0.5320525339322332,0.596513042761643,141,0.9337748344370861
