Emotion,Precision,Recall,F1-Score,Support
Surprise,0.75,0.46153846153846156,0.5714285714285714,26
Fear,0.5,0.5,0.5,10
Disgust,0.8333333333333334,0.38461538461538464,0.5263157894736842,13
Happy,0.4,0.3333333333333333,0.36363636363636365,12
Sad,0.21428571428571427,0.42857142857142855,0.2857142857142857,14
Anger,0.9230769230769231,0.6,0.7272727272727273,20
Neutral,0.6724137931034483,0.8478260869565217,0.75,46
