Accuracy,Balanced accuracy,Macro-F1,Weighted-F1,Clips scored,Face-detection rate
0.5672609400324149,0.36727415417688264,0.35342993876331885,0.5084789335389588,1234,0.9716535433070866
