Accuracy,Balanced accuracy,Macro-F1,Weighted-F1,Clips scored,Face-detection rate
0.5035460992907801,0.3868609651218347,0.37266640646406346,0.4855237668557273,141,0.9337748344370861
