Emotion,Precision,Recall,F1-Score,Support
Surprise,0.5217391304347826,0.46153846153846156,0.4897959183673469,26
Fear,0.25,0.6,0.35294117647058826,10
Disgust,0.5,0.07692307692307693,0.13333333333333333,13
Happy,0.25,0.25,0.25,12
Sad,0.0,0.0,0.0,14
Anger,1.0,0.45,0.6206896551724138,20
Neutral,0.6779661016949152,0.8695652173913043,0.7619047619047619,46
