Accuracy,Balanced accuracy,Macro-F1,Weighted-F1,Clips scored,Face-detection rate
0.8541329011345219,0.8116343721357413,0.8240408604072534,0.8533003737913729,1234,0.9716535433070866
