Accuracy,Balanced accuracy,Macro-F1,Weighted-F1,Clips scored,Face-detection rate
0.5648298217179902,0.4371150802031793,0.4351505522148143,0.5431891767240109,1234,0.9716535433070866
