Accuracy,Balanced accuracy,Macro-F1,Weighted-F1,Clips scored,Face-detection rate
0.574468085106383,0.47081427888881294,0.49479205171804796,0.5749087222501571,141,0.9337748344370861
