Emotion,Precision,Recall,F1-Score,Support
Surprise,0.7857142857142857,0.4230769230769231,0.55,26
Fear,0.2857142857142857,0.2,0.23529411764705882,10
Disgust,0.875,0.5384615384615384,0.6666666666666666,13
Happy,0.3157894736842105,0.5,0.3870967741935484,12
Sad,0.11764705882352941,0.14285714285714285,0.12903225806451613,14
Anger,1.0,0.6,0.75,20
Neutral,0.640625,0.8913043478260869,0.7454545454545455,46
