scenario_id,true,clips,accuracy
S24_F07,Anger,8,0.0
S26_F02,Surprise,14,0.0
S28_F10,Sad,8,0.0
S19_F02,Fear,10,0.2
S25_F09,Happy,8,0.25
S21_F04,Sad,6,0.3333333333333333
S06_F08,Disgust,13,0.5384615384615384
S20_F03,Neutral,18,0.7777777777777778
S09_F02,Surprise,12,0.9166666666666666
S08_F06,Neutral,14,0.9285714285714286
S05_F02,Anger,12,1.0
S18_F01,Happy,4,1.0
S29_F03,Neutral,14,1.0
