index,emotion,train,test,train_pct,class_weight
0,Surprise,1290,329,10.512590660907831,0.6572
1,Fear,281,74,2.2899519191589928,3.0168
2,Disgust,717,160,5.84304457664412,1.1823
3,Happy,4772,1185,38.888436150273,0.1776
4,Sad,1982,478,16.151902860402576,0.4277
5,Anger,705,162,5.74525303561242,1.2025
6,Neutral,2524,680,20.56882079700106,0.3359
